{
  "avg_loss": 6.628697872161865,
  "avg_inference_time": 0.03394355010986328,
  "total_samples": 5
}